,DummyChurn
2694,0
5140,0
2568,1
3671,0
7427,0
3993,0
8082,1
5130,0
1717,1
6921,0
3878,1
9304,0
2947,0
1123,1
4314,1
8903,0
2875,0
1995,0
1041,1
6654,0
2597,1
2651,1
1178,1
3223,1
2751,1
5289,0
9539,0
8533,0
3176,1
4089,0
7395,0
4315,1
4257,1
1162,1
3315,1
9695,0
8177,0
4845,0
6547,0
9828,0
1902,1
503,1
714,0
6333,0
2692,0
298,0
6688,0
6098,0
9255,0
3922,0
3526,1
1362,1
4067,1
8467,0
3373,1
4563,1
5096,0
2656,0
7540,0
5748,0
1304,0
6443,0
702,1
4339,1
901,1
2294,1
8394,0
8614,0
6956,0
9802,0
1753,0
5039,0
25,1
7326,0
2064,0
4189,0
566,0
8978,0
8047,0
608,1
6289,0
2463,0
5707,1
837,0
3455,0
4400,0
6319,0
9579,0
4535,1
6004,0
231,0
6736,0
840,1
39,0
7088,0
3659,0
5142,0
5948,0
289,0
4417,0
726,0
3501,1
8572,0
46,1
6948,0
5013,0
5829,0
3818,0
4551,1
5779,1
7167,0
5638,0
8333,1
6141,0
9836,0
296,0
442,1
1322,0
3368,1
3186,1
5012,0
5821,0
8545,0
7024,1
7346,0
6409,0
9866,0
2929,0
3471,0
3112,0
2404,0
7435,0
90,1
2015,1
5874,1
2527,0
2917,0
4792,1
3701,0
1395,1
4977,1
9016,0
4235,0
6089,0
3013,1
8382,0
9508,0
2157,1
5815,0
4435,1
8201,0
3191,1
4072,0
5049,0
3338,0
1519,0
8272,0
2443,1
4558,0
3942,1
8439,0
6783,0
4980,0
2359,0
6348,0
2273,1
9072,0
1328,0
9145,0
686,0
2490,1
9444,1
7386,0
694,0
4907,1
7451,0
1317,0
4029,1
2657,1
7117,0
6424,0
8132,0
9855,0
9925,0
232,1
4678,1
9587,0
7556,0
9503,0
5896,0
2045,0
6283,0
2688,0
3571,0
6194,0
1029,0
3531,0
4284,0
6630,0
5911,0
3019,0
6102,0
5083,0
1504,0
3000,1
8578,0
4919,1
5281,0
5814,0
368,0
8258,0
810,1
8653,0
4964,1
7812,0
9117,0
8997,0
9370,0
487,1
2524,1
8037,0
6944,0
2954,0
6980,0
1716,1
5450,0
7615,0
7466,0
8550,0
9383,0
7166,0
9097,0
3731,0
5619,0
4096,0
7562,1
2984,1
9387,1
3943,1
8107,0
4057,0
1423,1
8618,0
9009,0
6505,0
6886,0
6619,1
957,1
3204,0
4549,1
8371,0
6796,0
48,0
1379,0
8051,0
1903,0
4599,0
9257,0
2441,1
4434,1
5321,0
766,1
2027,1
8926,0
5730,0
6479,0
5154,0
4463,1
9186,0
9822,0
4399,0
4875,0
6217,0
2722,0
7563,0
5240,0
9994,0
9235,0
6003,0
7580,0
6704,0
6733,0
9573,0
7480,0
758,1
6607,0
7834,0
3010,0
1616,0
9347,0
4936,0
3725,0
942,1
1213,1
7953,0
1944,0
2864,1
3911,1
8236,0
9109,0
9272,0
2754,0
6518,0
7652,0
6414,0
5884,0
6625,0
4981,0
6002,0
2255,1
4009,0
6519,1
4528,0
3004,1
8148,0
6555,0
8909,0
787,0
7048,0
6640,0
8253,0
7094,0
8754,0
3680,0
569,1
4643,1
2403,1
7989,0
7354,1
5913,0
8411,0
9962,0
7356,0
3692,1
5597,0
7882,0
4219,1
5300,0
1255,0
4512,1
5064,0
6513,0
4867,0
7420,0
5739,0
202,1
7890,0
1532,1
6969,0
2492,1
596,1
7872,0
2785,1
5307,0
3595,0
8350,0
1758,1
299,1
4589,0
800,1
3577,1
4837,1
3067,0
2858,1
1825,1
5211,0
9415,0
5334,0
571,0
2300,0
1543,1
4326,0
7511,0
906,1
8127,0
351,0
7025,0
3906,0
4188,1
6725,0
951,1
4901,1
5218,0
2304,1
1728,0
4190,1
6453,0
6456,0
8265,0
1857,1
7217,0
1749,1
62,1
16,1
4145,1
5645,0
7339,0
4357,0
2835,0
313,0
4937,0
7487,0
4896,0
963,1
9938,1
1653,1
2641,0
4982,0
7335,1
6352,0
2347,0
5213,0
9012,0
2982,1
7150,0
2150,1
1821,0
8902,0
1669,0
5438,0
8384,0
5323,0
4253,0
7163,0
6256,0
4553,1
6937,0
8954,0
3691,0
1138,0
5546,0
1683,1
4859,1
664,1
7594,0
6137,0
8612,0
3895,0
7971,0
1484,0
9195,0
7808,0
6826,0
6583,0
2676,0
407,0
4607,1
9405,0
8763,0
2784,0
1454,0
1004,1
9493,0
4968,0
7423,0
7774,0
8592,0
718,1
6018,0
9624,0
8936,0
558,1
7973,0
2702,1
1050,0
3224,0
7849,0
2663,1
5767,0
4638,0
8088,0
8501,0
6385,0
5473,0
2019,0
3291,0
2975,0
665,0
2253,0
2149,1
5191,0
2912,1
803,0
5511,0
4581,1
9860,0
7730,0
7916,0
9384,0
7927,0
6321,0
7516,1
8895,0
8543,0
8472,0
6955,0
557,1
2455,0
3920,1
6405,0
651,0
6560,0
8974,0
2348,1
5670,0
7454,0
3689,1
305,1
7671,0
5844,0
3858,0
8990,0
4736,1
2377,1
2764,1
2813,0
544,1
2025,1
9282,0
3614,1
1483,0
6742,0
8841,0
6475,0
9024,0
4695,0
8220,0
4165,1
6349,0
9950,0
1837,1
6616,0
3363,1
4903,0
6337,0
1573,0
7592,0
4702,1
4820,0
2351,1
1655,0
2903,1
1882,1
5014,0
1131,0
6717,0
1296,0
1649,1
7770,0
1637,1
4935,0
6435,0
8321,0
6157,0
3406,0
3706,1
6813,0
8011,1
9520,0
2353,1
4801,1
8033,0
3690,0
6922,0
5499,0
9512,0
2181,1
9517,0
3015,1
8666,0
4641,0
1447,1
4803,0
5715,0
5717,0
8102,0
3219,0
9058,0
9705,0
634,1
3177,0
3069,0
8916,0
2036,1
955,1
792,0
7224,0
3448,0
1854,0
5221,0
6187,0
9814,0
8512,0
2773,0
8209,0
592,1
606,0
1383,0
219,0
2472,1
4554,0
8908,0
8338,0
5633,0
4204,0
2687,0
6324,0
7231,0
9423,1
3759,0
5734,0
5127,0
2588,0
3296,1
2575,0
5736,0
282,1
8230,0
4881,1
249,0
9550,0
3913,0
1916,0
8237,0
8619,0
5386,0
9333,0
388,1
6639,0
4442,0
925,1
6246,0
7072,0
227,0
5146,0
440,1
3384,1
7004,0
1929,0
7380,0
2885,0
4421,1
900,1
3088,0
9004,0
8632,0
4335,0
8305,0
8662,0
3941,0
7405,0
6275,0
6756,0
1071,1
5933,0
5065,0
1855,0
4243,0
4685,1
520,0
3331,0
8698,0
9231,0
2983,1
2042,1
6473,0
1587,1
4575,1
1847,1
7735,0
8254,0
8340,0
5306,0
8030,0
7110,0
3856,1
263,0
7616,0
4967,1
9269,0
7442,0
4772,1
6562,1
553,1
8359,0
1373,0
7704,0
7874,0
3107,0
7603,0
8207,0
7289,0
555,0
8228,0
9809,0
8871,0
4406,1
3532,1
4299,1
9663,0
3679,1
9197,0
4777,1
8973,0
8812,0
9471,0
6293,1
7300,0
5761,0
9580,0
5036,0
5156,0
1951,1
2143,1
2951,1
9110,0
9964,0
1556,0
3604,0
2401,0
7169,0
119,1
4468,0
561,1
3081,1
7612,0
802,1
2197,0
7198,0
2569,0
6154,0
3975,1
8197,0
9226,0
5489,0
7323,0
5481,0
6024,0
2284,0
7536,1
4220,0
5180,0
8637,0
17,1
5107,0
8495,0
1993,1
5215,0
6463,0
1028,0
5118,0
8816,0
8168,0
2603,0
6744,0
1686,1
2896,1
8645,0
3350,0
5855,0
3716,0
8248,0
175,1
401,1
3072,0
7101,0
5980,0
8601,0
6710,0
7885,0
5435,0
1037,0
7276,0
6330,0
8080,0
9498,0
6705,0
6681,0
9830,0
2411,0
6696,0
984,0
6432,0
8189,0
729,1
6998,0
3655,0
9640,0
5590,0
1121,0
3063,1
9267,0
5297,0
9418,0
6859,0
5558,0
8433,0
1676,1
1975,0
1853,1
8693,0
4248,1
5833,0
7911,0
384,1
6184,0
705,0
3244,1
943,1
8463,0
4313,0
7920,0
7434,0
2495,1
2510,0
2940,0
7256,0
7318,0
4015,0
8534,0
9651,0
5631,0
5018,0
6058,0
7317,0
7842,0
6326,0
5636,0
8775,0
8457,1
4785,0
5988,0
5702,0
6610,1
5104,0
7126,0
2239,0
9199,0
5887,0
8174,1
4590,1
7654,0
9038,0
6623,0
3397,1
9191,0
2031,0
3119,1
9534,0
5275,0
2358,0
4569,1
1689,1
3473,0
8845,0
3871,0
4748,0
8137,0
3516,0
5891,1
9690,0
7902,0
4912,1
3305,1
1090,0
2718,1
588,1
660,1
4,1
7537,0
9234,0
3427,1
784,0
1309,0
6779,0
4250,1
2878,0
2326,1
9778,0
2461,0
1512,0
7870,0
5998,1
5531,0
6192,0
2435,1
6062,0
982,0
200,1
3489,0
8069,0
9704,0
6805,0
4104,0
1224,0
5985,0
2943,0
9741,0
3178,0
7583,0
5025,0
6270,0
4424,0
5577,0
5812,0
54,1
5425,0
8860,0
8828,0
1086,1
2712,1
1390,0
1534,0
6951,0
8041,0
5880,0
3165,1
9831,0
1627,0
7974,0
8576,0
22,0
3901,0
5388,0
9485,0
6576,0
5493,0
1461,0
8496,0
2402,0
9611,0
5523,0
1221,1
2605,0
8362,0
6425,0
7243,0
4298,1
3891,0
7482,0
8706,0
1776,1
1051,0
1977,0
9094,0
618,0
1599,0
8269,0
4669,1
2345,0
5549,0
4237,1
7966,0
4306,1
6132,0
217,0
6420,0
9826,0
7742,0
248,0
5169,0
5928,0
4075,1
7876,1
9569,0
8696,0
8780,0
9935,1
5790,0
5471,0
5863,0
7123,0
1831,1
5108,0
6573,0
4446,0
2070,1
3205,0
9249,1
6482,0
1564,0
3496,1
940,1
2577,1
4167,0
5837,1
2356,0
454,0
8846,0
1714,1
5047,0
2570,0
761,0
5023,0
1147,1
5273,0
8014,0
8984,0
6498,0
6327,0
2228,1
5910,0
1950,1
2119,1
5947,0
1664,0
7140,0
3695,1
5292,0
2145,1
5472,0
1287,1
2762,1
8826,0
462,1
2188,1
1963,0
5952,0
5367,0
3657,0
4276,1
9028,0
5625,0
1253,0
4386,0
1153,0
3216,1
8322,0
7933,0
7436,0
6034,1
8221,1
4180,1
1684,0
7030,0
1414,1
1409,0
874,1
1941,1
9768,0
4453,0
4371,1
1875,0
6881,0
7467,0
7968,0
4285,1
8582,0
9671,0
3859,0
4648,1
3817,0
9183,0
8970,0
9654,0
6378,0
4839,1
1578,1
965,1
8097,0
4258,0
2108,0
7839,0
1511,0
1885,1
3977,1
6501,0
8733,0
9852,0
1102,0
7321,0
1748,1
8665,0
9037,0
8244,0
2408,0
7793,0
8205,0
3830,0
8910,0
9558,0
5478,0
6764,0
413,0
3908,0
3404,1
1190,0
2957,0
8762,0
8154,0
7092,1
2805,1
1040,1
6136,0
3259,0
7347,0
321,0
9951,0
6749,0
9525,0
4269,1
3774,1
1817,0
1075,1
7040,0
145,1
9005,0
3380,0
559,0
2909,0
2781,0
4365,1
517,0
7601,0
7069,0
9561,1
7773,0
4140,0
7535,0
2918,0
4880,1
3649,0
9599,0
2996,1
711,0
4179,0
8408,0
7211,0
7265,0
273,0
4740,1
6558,0
116,0
2361,1
3329,0
7647,0
2083,1
5166,0
1919,1
9039,0
8937,0
6074,0
4482,0
4030,1
2938,0
5128,0
7732,0
847,1
9395,0
6474,0
6590,0
7495,0
5689,0
8864,0
8048,0
1635,1
4368,0
8690,0
3474,0
8938,0
411,1
8117,0
6822,0
4008,1
456,1
8854,0
9213,0
8686,0
4422,1
5155,0
4675,0
4410,0
5282,0
1413,0
2056,0
5757,0
6902,0
4286,0
2889,1
9685,0
9920,0
599,0
2223,0
1829,1
6553,0
9975,0
5679,0
5593,0
7976,0
5810,0
8005,0
4200,1
9281,0
2520,1
7801,0
2419,0
2174,1
3484,0
5332,0
3407,0
6824,0
9118,0
823,0
157,0
2729,0
3426,1
7568,0
5550,0
4939,0
8987,0
7726,0
7141,0
7502,0
6000,0
9451,0
6537,0
2529,1
6707,0
4079,1
5102,1
2815,0
2505,0
6829,0
9201,0
1176,0
9531,0
2072,1
1066,0
326,1
8678,0
9906,0
2131,1
9316,0
226,1
4729,1
8660,0
8149,0
8440,0
1830,1
6220,0
252,1
7658,0
4961,1
2698,1
3544,0
6464,0
5103,0
755,1
3032,1
1550,0
2465,1
2079,1
101,0
1705,1
5347,0
3493,1
8075,0
9793,0
4069,1
6816,0
7304,0
3206,0
4017,0
8927,0
6531,1
3332,1
5824,0
9174,0
8708,0
1921,1
1077,0
2252,1
6746,0
6526,0
6294,0
5838,0
9839,0
3251,1
9730,0
3347,1
9261,0
6406,0
8308,0
6608,0
3203,0
5201,0
7357,0
4514,1
1382,0
3498,0
8923,0
6712,0
2271,1
3023,0
6400,0
2195,0
4095,0
543,1
2704,1
1586,0
2961,0
2919,0
2136,1
4283,1
9820,0
4882,0
9572,0
854,0
8520,0
7856,0
3396,1
4369,0
1809,1
1761,0
2836,0
8962,1
1736,1
842,1
2600,0
8402,0
4625,0
9061,0
4852,1
3809,1
6917,0
3290,1
4097,0
2198,1
2249,0
1789,1
3775,1
7422,0
7622,0
850,1
6839,0
8001,0
7756,0
2871,0
8743,0
5147,0
5459,1
3869,1
724,1
366,1
8347,0
4021,0
5002,0
6127,0
6598,0
3813,1
8283,0
2341,1
4945,0
203,0
9259,0
7284,0
4230,1
7596,0
4774,0
5798,0
5302,0
5524,0
3027,1
637,1
7684,0
9910,0
9726,0
9354,0
927,1
195,1
4683,0
1739,1
5857,0
8509,0
5977,0
1310,0
2726,1
5231,0
4670,0
3737,0
1751,1
7351,0
5181,0
3989,0
6605,0
1827,1
1654,1
9468,0
9687,0
6300,0
6466,1
8368,0
1420,0
1316,0
6439,0
5089,0
4445,0
3764,1
9196,0
7362,0
6369,0
6599,0
3167,0
3724,1
2645,1
791,0
3283,0
2233,0
7046,0
4412,0
2316,1
8641,0
1381,0
8217,0
5673,0
4173,0
8948,1
4484,1
6371,0
1657,0
7981,0
9880,0
4154,1
9706,0
3431,1
9019,0
1701,1
8772,0
470,1
5537,0
2120,0
2379,1
1577,1
2827,1
4302,0
1248,1
9308,0
1638,0
4117,0
250,0
9275,0
3530,0
4413,0
6262,0
3565,0
5090,0
4600,0
5520,1
5526,0
3648,0
1954,0
1394,0
1869,0
2164,1
9825,0
1477,0
727,0
2608,0
8436,0
376,0
556,0
5860,0
2179,0
7026,0
8911,0
3271,0
3157,1
6667,0
5395,0
7636,0
8320,0
1793,1
5989,0
2089,0
4656,1
4872,0
134,0
6504,0
345,1
6442,0
9993,0
6950,0
7590,0
1111,1
9212,0
72,0
5905,0
1161,0
1692,1
3907,1
3375,0
4636,1
2010,1
2589,1
6837,0
2434,0
3100,1
1421,0
8799,0
8748,0
4825,0
4606,0
9482,0
3761,0
8756,0
3831,1
6729,0
3833,1
3198,0
2695,0
9283,0
7043,0
438,0
2968,0
1932,1
5669,0
6496,0
6331,0
654,1
4013,1
8089,0
5553,0
6767,1
6335,0
7767,0
9066,0
8659,0
4905,1
2593,0
6365,0
6838,0
5735,0
3946,1
538,0
5260,0
4824,0
1604,1
5569,0
5037,0
6909,0
3285,1
5539,0
3295,1
6307,0
8661,0
7931,0
1566,0
9119,0
9393,0
9456,0
2916,0
5193,0
7220,0
987,1
7950,0
2270,1
6091,1
5650,0
4546,0
126,1
2256,0
3040,1
6885,0
4948,1
8631,0
5080,0
7156,0
9773,0
9642,0
6682,0
3225,0
3740,1
7369,0
1909,0
285,0
7525,0
314,0
3327,0
1721,0
968,0
458,0
680,0
2479,1
977,1
1960,0
8670,0
3984,0
3972,0
1525,0
2723,1
4207,0
9980,0
6434,0
58,1
1681,1
6071,0
9688,0
7366,0
8242,0
862,1
7049,0
7396,0
8251,0
779,1
5686,0
3790,1
9348,0
5344,0
8232,0
7662,0
2809,1
4028,1
1326,0
4834,0
3277,0
4184,0
4236,0
2634,1
4355,0
8502,0
9442,0
2478,1
7975,0
8942,0
8681,0
3743,0
5336,0
4423,1
1548,1
607,1
716,1
4516,0
364,0
443,1
1247,0
2261,1
8552,0
1785,1
4751,1
3674,0
7093,0
2004,1
2067,0
3196,0
7408,0
3639,0
9461,1
4244,1
7457,0
870,1
419,0
5411,0
6122,0
9833,0
4658,1
1089,1
9522,0
5836,0
4151,0
1155,0
1794,0
6993,0
3822,0
2742,1
1828,1
6055,0
9675,0
6668,0
6117,0
2779,0
6536,0
4536,0
9899,0
6995,0
7121,0
8981,0
1503,0
5466,0
9661,0
1342,1
4899,1
3957,0
7191,0
2491,1
5789,0
9252,0
9613,0
5701,0
3354,0
7438,0
6597,0
7385,0
5729,0
3310,1
8095,0
1256,1
1554,0
5515,0
2735,1
8250,0
7028,0
9619,0
1232,1
7894,0
5676,0
6428,0
1784,1
3728,0
2192,1
5326,0
5343,0
8773,0
1570,0
8198,0
5053,0
1228,0
4124,0
6169,0
5853,0
9969,0
1009,0
1727,0
4684,1
3436,0
2847,1
730,0
3481,0
6925,0
6181,0
121,1
2887,0
8788,0
4181,0
4876,1
2068,0
6247,0
1305,0
1347,1
2393,1
1501,0
7421,0
4288,0
6025,1
1938,1
4152,0
717,1
9327,0
9812,0
3231,1
4451,0
8573,0
2423,0
5342,0
5293,0
4814,0
7239,0
7555,0
8213,0
2721,0
962,0
306,0
5137,0
1418,1
7617,0
6255,0
3282,0
1295,0
9923,0
9641,0
8688,0
2018,1
4111,0
5543,0
7350,0
3791,0
6164,0
3435,0
3201,1
2514,1
3846,0
3705,1
7016,0
6235,1
5522,0
8479,0
422,1
7549,0
3937,1
2309,0
4850,1
6445,0
251,0
1429,1
7099,0
1614,0
9128,0
1416,1
7310,0
6947,0
6633,0
9015,0
2643,1
3171,0
6982,0
3046,1
34,1
2976,0
3847,0
1251,1
4696,1
2043,1
8160,0
2828,1
6033,0
1457,1
4744,0
9228,0
1971,1
4462,1
2000,1
2334,0
9682,0
3301,0
9658,0
9911,0
3933,1
9142,1
4597,0
279,1
1211,1
5518,1
5630,0
9952,0
4537,0
1331,1
7824,0
5229,0
9353,0
1027,1
7416,0
8193,0
4779,0
9800,0
7547,0
5135,0
1533,1
3553,0
1330,1
4405,1
9025,0
3421,0
1113,1
5607,0
6808,0
612,0
2405,1
2076,0
5420,0
9605,0
2956,0
7669,0
6189,0
5733,0
1745,0
5762,0
4239,0
237,1
7328,1
6701,0
5675,0
8850,0
9961,0
554,0
5932,0
6139,0
932,1
9158,0
6691,0
7908,0
1574,0
8766,0
2913,1
8276,0
201,1
1953,1
6483,1
7993,0
6800,1
7469,0
2349,1
3527,1
4941,1
5092,0
2057,0
5924,0
9103,0
745,1
2965,0
5714,0
1356,1
4090,0
9129,0
6182,0
2796,1
5840,0
6970,0
9309,0
2338,0
3529,0
3458,0
141,1
9425,0
8335,0
4540,0
2590,1
8267,0
3929,0
4879,0
347,1
8943,0
8454,0
7285,0
4252,1
6049,0
6224,1
4673,0
4092,1
1711,0
6490,0
9336,0
9090,0
5382,0
2717,0
6251,0
6840,0
5422,0
2623,0
1095,0
3899,0
3247,0
5494,0
1377,1
2127,1
2325,0
3399,1
2710,1
9926,0
3697,1
3669,0
9707,0
9991,0
9284,0
8378,0
3490,0
2037,1
8792,0
6545,0
8421,0
7868,1
9227,0
7727,0
3447,0
7915,0
3035,0
6852,0
4611,1
6945,0
9815,0
6635,0
7977,0
8559,0
7314,0
8136,0
9960,0
3623,0
3747,1
6155,0
3287,0
5505,0
3583,0
8961,0
4784,1
7959,0
7472,0
1913,0
1651,0
5871,0
2176,0
5219,0
94,0
551,0
1610,0
6618,0
9050,0
8795,0
9274,0
8946,0
7637,0
6377,0
5519,0
5834,0
2959,1
2537,1
166,0
9083,0
2897,0
2700,1
188,0
3608,0
9217,0
2339,0
8392,0
8914,0
8692,0
3821,1
704,0
33,1
4292,1
8153,0
2708,1
4246,1
8219,0
7260,0
5255,0
3076,0
2229,0
5173,0
3882,1
8835,0
2732,0
4280,0
666,0
2407,0
2756,0
1002,0
7674,0
2852,1
2363,1
7305,0
3860,0
836,0
645,1
5150,0
4352,0
8391,0
11,0
2319,0
7484,0
6697,1
1682,1
8673,0
8729,0
9696,0
6506,0
5774,0
6012,0
9301,0
8208,0
6698,0
1235,0
4841,1
9870,0
7683,0
5484,0
9093,0
6835,0
5766,0
1835,0
3465,0
5361,0
1891,1
1703,1
5992,1
2921,0
6850,0
3543,1
4523,1
899,0
3074,1
8805,0
3280,0
6273,0
8003,0
8256,0
8939,0
3357,0
6061,1
1459,0
1230,0
6754,0
382,0
9664,0
5743,0
6209,0
9798,0
5233,0
2867,1
6650,0
4344,0
7879,0
4023,0
1743,0
6579,0
4593,0
2689,1
1502,1
8712,0
7996,0
3039,1
9406,0
1403,0
8343,0
6009,1
9096,0
6106,0
8447,0
5241,0
9813,0
2141,1
6129,0
5258,0
7943,0
3756,1
4318,1
5991,0
9290,0
1135,1
8409,0
2914,1
125,0
5129,0
3066,1
2800,1
3442,0
8387,0
6153,1
8026,0
4465,0
9858,0
1802,0
3153,1
3127,0
4737,0
9752,0
8353,0
3364,0
2017,1
9169,0
2115,1
9660,0
7591,0
8588,0
3,0
6940,0
8225,0
3875,1
9306,0
8073,0
7417,1
8275,0
352,0
179,0
8638,0
5198,0
7663,0
4171,0
7248,0
2865,0
5246,0
7724,0
5978,0
9335,0
2497,0
1992,0
7232,0
2421,1
6086,0
6417,0
8819,0
362,0
801,1
3987,1
2801,1
8218,0
6087,0
3248,1
4515,1
3284,1
1675,1
137,0
1998,0
3522,0
1592,1
7181,0
8830,0
2069,0
9046,0
4330,1
7938,0
6268,0
2272,1
214,1
8542,1
5016,0
4819,1
865,1
7032,0
7929,0
7258,0
3945,1
4381,0
3402,1
2340,1
821,1
3952,1
3514,0
6374,0
1179,0
9294,0
3746,1
1949,1
4496,1
824,1
1476,0
3789,1
9501,0
910,0
8303,0
4479,1
68,0
9386,0
3599,1
5642,0
8046,0
8918,0
799,0
1344,1
4346,0
1014,1
7180,0
3467,0
5705,0
492,0
7042,1
3656,0
3721,0
2097,1
9396,0
1134,1
3914,1
9440,1
5616,0
3104,1
7119,0
748,1
529,1
9399,0
8624,1
2993,1
989,0
9713,0
4594,0
8386,0
502,0
1603,0
3078,0
6964,0
1746,0
5901,0
3935,1
2034,1
1660,0
672,0
8111,0
1428,0
884,0
5402,0
4411,0
3230,0
6381,0
1045,1
5832,0
7648,0
5387,0
646,0
5918,0
9263,0
3091,0
9743,0
6107,0
1907,1
8301,0
1528,1
9215,0
5890,0
2532,1
8141,0
7598,0
3218,1
3024,1
4153,0
7349,0
7135,0
5082,0
6468,0
9001,0
3509,0
7164,0
6669,0
8271,0
667,0
5448,0
7287,0
6093,0
1899,0
9318,0
6202,0
1056,1
5513,0
5235,0
6222,1
9452,0
8639,0
4706,0
318,1
9546,0
2783,0
2677,0
9588,0
7999,0
3477,1
9598,0
3703,1
3766,1
1845,1
210,0
7017,0
4448,1
7189,0
2587,0
580,0
3603,0
936,0
4545,0
1671,0
4100,0
6130,0
7854,0
5502,0
3080,1
2544,0
268,1
4826,1
4222,1
3135,0
4467,1
6919,0
9163,0
3861,1
9623,0
4567,1
486,1
2842,0
506,0
4488,1
2755,1
5609,0
6017,0
794,1
8006,0
1738,1
9062,0
4083,1
5894,0
3470,1
9921,0
5495,0
8379,0
4694,0
9123,0
9869,0
2389,1
2736,0
6827,0
9365,1
4747,0
5818,0
808,1
3411,0
1231,1
5431,0
2868,0
1991,1
5266,0
703,1
7892,0
3961,0
1246,0
2714,0
9338,0
9092,0
4082,1
233,0
5576,0
1277,1
9486,0
5338,0
5551,0
3293,0
7611,0
9416,0
9677,0
8215,0
8947,0
7954,0
7588,0
7176,0
349,1
1666,1
403,1
8703,0
8143,0
5995,0
8781,0
6146,0
8498,1
1584,0
4765,0
2594,1
5787,0
1766,1
2886,0
3969,0
8229,0
9693,0
7452,0
1974,1
8626,0
2413,0
1355,0
1042,0
3189,1
6617,0
5772,0
4897,0
416,0
8761,0
8259,0
5,0
7392,0
1819,0
9970,0
7887,0
4576,1
8821,0
5763,0
2611,0
9388,0
8312,0
3581,1
297,0
4585,0
1497,1
9298,1
5614,0
1862,0
996,1
8851,0
6803,0
9829,0
6441,0
524,1
8726,0
5469,0
9841,0
6469,0
757,1
1412,1
8489,0
1665,1
5458,0
7134,0
6372,0
7987,0
9902,0
3741,1
5486,0
739,1
5879,0
66,1
548,1
304,0
7628,0
7581,0
4783,0
8546,0
9484,0
611,1
4958,1
2967,0
5981,0
6140,0
1662,1
1072,0
1387,0
997,0
7021,0
6556,0
3803,0
985,1
410,1
3636,1
7272,0
3819,0
2753,0
5001,0
8610,1
7455,0
2637,0
5163,0
973,1
1374,0
6277,0
7979,0
9787,0
8758,0
1084,1
4048,0
7259,0
9652,0
8800,0
6185,0
5299,0
8894,0
1791,1
1558,0
2538,0
4930,1
2540,0
5945,0
2169,1
5126,0
636,0
2231,1
81,0
3147,0
4168,1
3630,0
9330,1
5552,0
9720,0
7497,0
9801,1
212,0
2194,1
5620,0
883,1
1384,0
1561,1
4238,0
756,0
4895,0
8679,0
4156,1
6715,0
9933,0
1023,0
2534,1
395,0
5712,0
8393,0
1345,0
6830,0
3665,0
1013,1
8577,0
2935,0
6894,0
2437,1
5252,0
6818,0
8996,0
5906,0
9305,0
3053,0
9746,0
6857,0
7641,0
8092,0
7270,0
8584,0
7342,0
5259,0
1889,1
7720,0
1626,0
6261,0
698,1
1881,0
1771,1
7327,0
9888,0
6709,1
5584,0
445,1
6992,0
1399,1
7992,0
2011,0
242,0
8556,0
7951,0
7240,0
9847,0
9398,0
9702,0
4661,0
7060,0
3607,0
4455,0
8017,0
8437,0
4278,0
8655,0
451,0
6072,1
1625,0
7766,0
4260,0
501,1
4865,1
1621,0
5727,0
5797,0
70,1
2130,1
3504,0
3663,1
7517,1
196,0
9419,0
7376,0
6609,0
8038,0
7847,0
7458,0
8376,1
6788,0
117,0
2990,0
8351,0
2483,0
4524,0
6569,0
2991,0
9796,0
6458,0
2415,0
4304,0
3788,0
632,0
8777,0
4317,0
2837,1
620,1
4034,0
8179,0
9260,0
7861,0
1298,1
6494,0
4425,0
8210,0
9162,0
8094,0
2667,0
6481,0
2840,1
5649,0
9692,0
9434,0
5393,0
6758,0
7082,0
367,0
7159,0
4206,0
453,0
3242,1
5248,0
5591,0
9615,1
7136,0
7254,0
3905,1
3676,0
9127,0
6037,0
2246,0
8956,1
3239,1
4380,1
3308,1
7618,0
9053,0
1918,0
1020,0
6907,0
5305,1
5318,0
8300,0
9379,0
7900,0
7853,0
5253,0
795,1
7746,0
7755,0
6987,0
4078,0
9239,0
6958,0
6370,0
4098,1
7963,0
1807,1
7080,0
5122,0
1017,0
1884,0
7602,0
6772,0
8060,0
3916,0
9474,0
5322,0
3712,1
7520,0
206,0
3900,0
5950,0
2803,1
8941,0
1877,0
880,0
4198,0
5806,0
5644,0
1357,1
6915,0
2275,1
4960,1
5883,0
3385,1
9635,1
7815,0
682,0
6084,0
2890,1
86,0
9515,0
7128,0
9180,0
6240,0
750,0
4452,0
8458,0
3924,1
9562,0
1245,1
9745,0
8883,0
4806,0
7079,0
6988,0
1364,1
3944,1
3750,1
6314,0
7599,0
2075,0
3394,1
6386,0
7760,0
9246,0
1719,0
2861,1
238,0
2352,1
5170,0
8539,0
5773,0
322,1
6325,0
5227,0
6882,0
5216,0
1826,1
2375,0
9343,0
5429,0
4626,1
3915,0
534,0
7589,0
8280,0
2831,0
9408,0
392,1
4261,1
3593,1
5877,0
1999,1
5031,0
8823,1
4376,1
1026,1
4653,1
3511,0
8985,0
2156,0
3480,0
4754,1
1800,0
1016,1
9976,0
9136,0
3538,1
8794,0
6036,0
3823,0
3816,1
3451,1
262,0
846,0
6180,0
4353,0
3590,0
8024,0
6514,0
4086,1
1238,1
2797,0
1146,0
1642,0
3343,1
6007,0
7132,0
6793,0
6296,0
8853,0
3667,0
6520,0
4389,0
7464,0
7640,0
5453,0
1453,0
1697,1
6291,0
7361,0
9324,0
8395,0
3662,0
2429,1
5491,0
8483,0
1905,0
4721,0
5475,0
8849,0
6408,0
7736,0
8474,0
8711,0
9192,0
2555,1
9524,0
3898,0
2146,1
8156,1
4548,1
3246,0
7538,0
4342,1
9908,0
1549,1
5119,0
8423,0
5665,0
8339,0
4556,0
8473,0
6339,0
8906,0
5084,0
8286,0
4800,0
9577,0
6413,1
4652,0
8654,1
993,0
9105,0
1054,0
4796,0
8429,0
9035,0
4887,1
9737,0
2998,0
9182,0
790,1
7814,0
934,1
7443,0
6680,0
4002,0
1783,0
5889,0
1734,1
700,0
3872,0
7557,0
344,0
4797,0
5368,0
4970,0
1081,0
3644,0
6313,0
3037,0
7182,0
6252,0
7364,0
6229,0
323,0
9178,0
3896,0
2268,1
2220,0
7112,0
4044,1
3777,0
1878,1
6780,0
7721,0
719,0
1175,0
4712,0
3876,0
777,1
2427,0
9965,0
8957,0
1385,1
432,0
6242,0
2636,1
2473,1
450,0
4158,0
2893,0
3273,0
5312,0
8993,0
2565,0
4073,1
2696,1
3420,1
417,0
2746,0
7819,0
3234,0
4853,1
9081,0
8866,0
3377,1
1039,1
7479,0
2851,0
7268,0
5045,0
7805,1
5054,0
5488,0
7779,1
4444,0
3811,0
6552,0
2927,0
3974,0
1833,0
1942,0
5324,0
2241,1
3661,1
701,0
2426,0
133,1
4925,0
3341,0
2470,0
270,0
8123,0
1398,0
9299,0
4739,0
5055,0
2866,0
1839,0
1019,0
2610,1
960,1
6112,0
3390,0
6043,0
5086,0
2142,1
1351,0
9403,0
8373,0
5152,0
6340,0
1579,1
4866,0
2292,0
1927,0
2193,1
3658,1
1215,0
2855,1
8081,0
2966,1
1456,1
4502,1
2945,1
5043,0
9742,0
8098,0
8952,1
9124,0
244,1
5364,0
1393,0
434,1
8877,0
7478,0
6926,0
5899,0
9472,0
657,0
477,0
2162,1
4807,1
6726,0
6323,0
2685,0
495,1
7320,0
6588,0
8882,0
6952,0
6809,0
894,0
1272,0
8314,0
7810,0
5066,1
5372,0
907,0
4846,0
563,0
8451,0
4382,0
2879,0
7936,0
6656,0
19,1
2060,1
1709,1
123,0
5164,0
9805,0
839,0
5764,0
2392,0
5179,0
6661,0
8522,0
4874,1
6416,0
2212,0
857,0
9320,0
4063,0
4202,1
1236,0
2699,0
9428,0
4822,1
3174,0
3488,1
4125,1
4934,1
7811,0
9850,1
5369,0
275,0
5678,0
2578,1
4193,1
4136,0
2632,1
8470,0
329,1
5795,0
3371,0
4205,1
3044,0
3643,1
3140,0
4892,1
3696,0
3904,1
9774,0
5441,0
655,0
570,0
8249,0
1865,0
9600,0
9045,0
8204,1
5202,0
2190,1
6571,0
9806,0
3099,0
4169,1
2591,0
8442,1
7130,0
9291,0
3408,1
8889,0
610,1
9997,0
5284,0
560,1
435,1
1596,1
2765,0
9738,0
7245,0
9422,0
3792,0
7576,0
5959,0
7003,0
9714,1
8568,1
7212,0
5758,0
5603,0
661,0
8239,0
6080,0
100,1
8104,0
4986,0
9837,0
9861,0
5990,0
3210,0
2821,0
981,1
6893,0
7822,0
2343,1
6467,0
9205,0
4489,1
5926,0
5987,0
1240,1
5783,0
5350,0
6627,0
3849,1
788,0
5366,0
3026,1
6965,0
5854,0
2420,0
7985,0
4359,1
2531,1
5996,0
2882,0
980,0
6320,0
3988,1
7934,0
6544,0
3162,0
7269,0
8245,0
205,1
1375,1
1006,1
466,0
5888,0
9225,0
4159,1
2216,1
5976,0
9450,0
5355,0
7918,0
9358,0
6596,0
3334,0
2980,1
1630,0
5214,0
3736,1
2105,1
1352,1
735,0
2498,0
776,0
9420,0
5106,0
9769,0
9455,0
9438,0
2186,0
2860,1
1866,0
5476,0
2902,0
9602,0
5261,0
4794,0
2289,0
2366,1
8724,0
1650,1
3109,0
7776,1
6201,0
772,0
7786,0
1007,0
518,0
9292,0
9669,0
3715,0
8807,0
6740,0
1448,0
9069,0
5646,0
3125,1
8468,0
3052,0
2767,1
6123,0
1107,1
2948,0
1796,1
8950,0
9823,0
9851,0
6692,0
3405,1
5975,1
4112,1
4341,1
5485,0
1360,1
1061,1
6134,0
4241,0
5117,0
190,0
8607,0
4580,1
8558,0
8969,0
8922,0
1370,0
6957,0
5849,1
6892,0
5567,1
5802,0
5447,0
110,0
6895,0
3738,0
1055,1
3502,0
789,1
6516,0
9439,0
12,0
4328,1
6587,0
5451,0
4786,1
6354,0
2928,0
1914,1
9146,0
2009,1
7403,0
4461,1
7967,0
6281,0
933,0
5141,0
5974,0
9156,0
7372,0
2501,0
37,0
1560,0
4108,1
7912,0
5585,0
7608,0
5747,1
5682,0
5099,0
2457,1
1021,1
4932,0
5483,0
8334,0
2839,0
8327,0
7863,0
1284,0
3134,1
4058,1
5035,0
8400,0
3767,0
104,1
3392,1
6708,0
9528,0
1268,1
4615,1
5247,0
4612,0
4724,1
926,1
5267,0
663,1
1541,0
8867,0
6048,0
4143,0
3359,0
8388,0
3317,0
3197,1
8399,0
2207,0
7425,0
5333,0
9650,0
8508,0
7449,0
7322,0
3865,0
678,0
7619,0
9084,0
165,0
6794,0
6305,1
2442,1
2032,0
7233,0
5982,0
6967,0
1606,1
4913,1
230,1
6338,0
6714,1
9436,0
6508,1
1557,1
6828,0
7709,0
3483,0
6663,0
5041,0
1648,0
7941,0
1926,0
8988,0
5521,0
9930,0
1850,1
3762,1
9988,0
885,0
9771,0
9526,0
7051,0
2308,1
6938,0
7010,0
4999,0
3233,0
6718,0
9265,0
4107,0
4026,1
4113,0
8953,0
8955,0
2155,0
3985,1
9532,0
966,1
3276,0
579,0
4115,0
6874,0
6986,0
4617,0
770,1
974,1
1765,1
4949,0
63,0
3414,0
7115,0
3152,0
494,0
8731,0
5897,0
2548,1
4040,0
3292,1
3486,1
5190,0
5728,0
8852,0
8203,0
1324,1
4697,1
9971,0
9514,0
2318,1
4182,1
9385,0
8486,0
1724,0
2138,1
2264,0
8873,0
480,0
4705,1
9521,0
2204,1
8039,0
8579,0
3194,1
2139,0
1044,1
6144,0
4144,0
9750,0
5923,0
5696,0
769,0
4099,1
1419,1
8163,0
9608,0
7686,0
5100,1
8672,0
5061,0
5209,0
626,1
5613,0
8231,0
4249,0
9079,0
638,1
5017,0
1552,0
26,1
7749,0
8778,0
8449,0
8548,0
4983,0
5811,0
5449,0
3954,1
7998,0
6908,0
6582,0
393,1
1634,0
7869,0
3587,0
4647,0
2554,1
1563,0
4305,1
3771,1
9753,0
7433,1
5955,0
7050,0
9407,0
8891,0
4799,0
9166,0
3143,1
8701,0
7679,0
3422,1
2166,1
1269,0
2949,0
1335,1
3880,1
6095,0
2738,1
7278,0
194,1
7158,0
8084,0
1788,1
4755,1
8083,0
593,0
361,1
5316,0
6804,0
7113,0
5222,0
2274,0
5116,0
2266,0
2513,1
5070,0
771,1
3677,0
13,0
5176,0
8774,0
3208,1
4714,0
120,0
4157,1
4229,1
2084,1
827,0
3168,1
2382,0
7034,0
7137,0
7554,0
4757,1
7308,0
8234,0
4587,0
7324,0
3142,0
9728,0
622,0
8114,0
1680,1
2654,0
7446,0
1030,1
3828,0
2635,1
3172,1
8630,0
6782,0
8369,0
3438,0
4689,0
898,0
9788,0
6759,0
2804,1
1922,1
4051,0
2924,0
3834,1
9907,0
4539,0
358,1
5436,0
7990,0
3723,1
998,0
9510,0
2332,1
7388,0
9457,0
5746,0
5931,0
6167,0
3955,1
3730,1
8656,0
9897,0
2006,0
9297,0
191,1
893,0
7219,0
2132,1
2451,1
2763,1
9262,0
8302,0
2277,0
3137,0
8035,0
256,0
4646,1
6968,0
1062,1
8547,0
8574,0
1832,0
8837,0
5133,0
471,1
4998,0
9302,0
759,0
3090,0
7635,1
7120,0
4947,1
3769,1
6612,0
9545,0
4486,0
5460,0
5335,0
4987,1
8919,0
7905,0
652,1
2147,0
6928,0
8417,0
4431,0
9499,0
6546,0
2088,1
7279,0
2313,1
3808,1
6557,0
4924,1
919,1
2579,0
3619,1
6023,0
5723,0
7087,0
4402,0
9372,0
3784,1
1249,0
7638,0
2850,1
2660,0
6801,0
9568,0
6641,0
5708,0
3794,1
6595,0
3022,0
7036,0
3745,1
7548,0
2236,1
710,1
3999,0
9426,0
8414,0
1129,0
5433,0
3566,0
8015,1
6720,0
8917,0
9068,0
2950,0
1012,0
841,0
5721,0
9430,0
2112,1
5882,1
7485,0
4513,0
6866,0
5683,0
3163,0
1441,0
1613,1
5699,0
9985,0
4870,1
5775,0
3866,0
3450,1
316,1
7972,0
2997,0
3145,1
879,1
3678,0
8426,1
330,1
4893,0
1673,1
7114,0
3578,1
1498,1
4128,1
6322,0
6054,0
6858,0
8419,0
6318,0
9021,0
1438,1
1981,0
1407,1
9085,0
4759,1
1010,1
1333,1
5237,0
7991,0
3336,0
2049,1
1848,1
5846,0
9940,0
8875,0
3768,0
2925,1
5028,0
3128,1
7216,0
5704,0
9125,0
5845,0
2788,0
9172,0
3683,0
5663,0
5236,0
8822,0
9289,0
7267,0
8278,0
2107,1
4542,1
9656,0
4868,0
9137,0
7768,0
5629,0
1427,1
6066,0
3440,1
4527,0
6436,0
2922,0
9797,0
5900,0
7242,0
749,0
6183,0
83,0
9670,0
5622,0
4224,1
2523,1
7571,0
1431,0
1852,0
9863,0
6047,0
4307,0
4500,1
522,0
5641,0
9390,0
2295,1
5851,0
1301,0
111,1
8294,0
1371,0
7384,0
8224,0
9637,0
6807,0
5803,0
4726,0
3012,0
9968,0
856,1
3321,0
6284,0
2183,1
469,0
3146,1
9391,0
8595,0
8647,0
9967,0
5528,0
4844,1
2030,0
4767,1
6484,0
9749,0
6336,0
3401,0
6984,0
8270,0
4708,0
6316,0
353,1
7860,0
107,1
9147,0
3551,1
5732,0
7690,0
4216,0
3469,0
8538,0
4460,0
3533,1
8,0
1644,1
9903,0
872,1
4994,0
3073,0
2673,0
4119,0
6027,0
2752,1
8171,0
8428,0
8593,0
8664,0
7739,0
4045,1
9010,0
628,0
7569,0
7303,0
7492,0
3642,0
5421,0
2748,0
9376,0
6099,0
9840,0
1524,1
9527,0
8161,0
9248,0
5097,0
8585,0
7958,1
6063,0
4332,0
7178,0
8752,0
8446,0
2235,0
55,0
1261,0
2327,1
340,1
5226,0
8484,0
3826,0
9757,0
9936,0
5823,0
3534,0
1325,0
8325,0
6396,0
482,0
1279,0
6559,1
475,1
9973,0
1810,0
3650,1
7765,0
2969,0
671,1
7052,0
8319,0
8052,0
187,1
9207,0
8227,0
5573,0
6228,0
1128,0
2471,0
5898,1
7353,0
7083,0
5608,1
4691,1
9144,0
1204,0
8856,0
236,1
7965,0
9630,0
3520,0
7763,0
3523,0
6765,0
7415,0
122,0
8934,0
1444,0
1928,0
6528,0
3238,0
468,0
4390,1
7306,0
6776,0
3780,1
418,0
3257,1
1702,0
4914,1
8566,0
950,0
9500,0
5960,0
9315,0
909,1
9198,0
9667,0
2265,1
7522,0
3041,1
9718,0
8514,0
5532,0
9990,0
6798,0
9331,0
1137,0
2823,0
4088,0
9413,0
7330,0
8243,1
4630,0
4917,1
5944,0
5667,0
9177,0
7769,0
3525,0
2374,1
1417,0
5659,0
4271,1
1065,1
7397,0
9164,0
9638,1
7831,0
7816,0
9533,0
8370,0
8999,0
4367,1
1542,0
216,0
5529,0
8341,0
8317,0
7835,0
8634,0
3443,0
4065,1
630,1
3003,1
3622,1
5005,0
9497,0
6021,0
903,0
4749,0
3693,1
9288,0
1842,0
6723,0
4309,0
6118,1
64,0
2066,0
7037,0
8709,0
1505,0
9966,0
4312,0
6241,0
4926,1
9441,0
5288,0
8967,0
9959,0
97,1
1894,0
5415,0
3464,0
8536,0
3772,0
460,1
2007,1
7716,0
3183,0
267,1
5408,0
2873,0
2971,1
1521,0
679,0
817,0
4838,0
7104,0
6512,0
5178,0
35,1
5399,0
8077,0
1291,1
1,1
2399,0
4584,0
1752,0
7143,0
2761,0
7639,0
2719,1
6906,1
8499,0
8562,0
9987,0
5199,0
4657,1
140,0
2014,1
3263,1
4976,1
6748,0
1787,0
1008,0
7668,0
7291,0
9744,0
9649,0
1426,1
1120,0
2369,1
9126,0
1195,1
6503,0
5487,0
3349,0
8621,0
5426,1
8045,0
5026,0
4027,0
9392,0
3274,1
5618,0
2659,1
9547,0
6613,0
9044,0
2218,0
6763,1
5817,0
2541,1
5327,0
3267,0
4492,1
9999,0
6905,0
9429,0
3594,0
7373,0
1535,1
8735,0
6206,0
4022,0
1959,0
4709,0
290,1
4629,0
990,1
5474,0
2360,0
7687,1
2724,1
5634,0
6636,0
5149,0
3507,1
2665,1
2287,1
3400,0
4746,0
9634,0
1559,0
3379,1
2970,0
4583,1
6430,0
5583,0
1772,1
7852,0
2290,1
1678,0
3398,0
4441,1
1313,0
4495,0
7964,0
852,1
9400,0
92,0
3381,0
7855,0
9881,0
1450,0
8195,0
9676,0
9780,0
2440,0
5296,0
1490,1
2390,0
6499,0
378,0
4677,1
4798,0
1774,0
2469,1
7513,0
9082,0
2743,0
4469,1
9479,0
7471,0
8087,0
8535,0
8173,0
5621,0
3698,0
6280,1
1036,0
7787,0
5377,0
5455,0
3055,1
3513,0
4974,0
430,0
8070,0
3243,0
2543,1
5298,0
9250,0
9032,0
3996,1
5457,0
1015,0
3939,1
1757,1
3316,1
8945,0
4933,0
5835,0
5224,0
2102,0
9633,0
320,0
8648,0
2117,1
3765,0
8034,0
2342,1
4637,0
4728,0
577,0
4769,0
3318,0
1080,1
8222,0
8233,0
6843,0
6600,0
1401,1
8779,0
6013,0
4965,1
8505,1
983,1
6395,0
5771,0
785,0
8847,0
8180,0
1973,0
3181,0
9748,0
6741,0
500,0
3652,0
8170,0
363,1
6213,0
2905,0
1361,1
292,0
6351,0
7969,0
4391,1
8935,0
93,1
8381,0
3456,0
4147,0
8507,0
1712,1
6174,0
8360,0
5904,0
4375,1
567,0
7843,0
6812,0
2705,1
3351,1
9804,0
9889,0
4733,1
3934,1
6052,0
3202,0
7460,0
861,0
3499,1
3372,0
7939,0
938,0
2135,1
8443,0
7997,0
4102,1
9551,0
6766,0
7700,0
2530,1
5759,0
224,1
1523,1
2388,0
3275,1
436,0
6678,0
9307,0
3309,0
1043,1
8827,0
3609,0
8100,0
3105,0
7582,0
4698,1
5557,0
3749,1
7142,0
9683,0
5434,0
6266,0
5954,0
5949,0
7311,0
768,0
9135,0
6175,0
2596,1
5319,0
844,0
1336,0
6486,0
2104,1
3043,1
7084,0
1931,0
6363,0
9672,0
6131,0
464,0
568,1
4821,1
7508,0
1818,1
1526,0
2988,0
1964,0
9496,0
2279,0
8246,0
4909,1
2101,1
1143,1
1035,0
6778,0
8710,0
4121,1
1823,0
302,1
1303,0
9477,0
9080,0
1815,0
6679,0
2447,1
1962,1
7162,0
773,0
7649,0
7331,0
5639,0
6941,0
5153,0
8044,0
4297,0
5250,0
6166,0
6082,1
5462,0
4727,1
1466,0
8617,0
5916,0
7391,0
8753,1
4886,1
2346,0
139,1
1886,0
338,0
4356,0
8406,0
4815,0
2616,1
253,1
7512,0
3892,1
9755,0
2525,0
8008,0
7064,0
7275,0
8613,0
4007,1
4398,1
9776,0
4817,1
5801,0
7836,0
3158,1
709,1
4458,1
6239,0
1565,0
7250,0
7185,0
3589,1
733,0
953,1
4577,0
2474,1
272,1
2758,1
9919,0
3512,0
2881,1
5796,0
586,1
8389,0
5464,0
4805,1
1985,1
8663,0
1283,0
2849,1
7681,0
3853,1
4226,0
9783,0
2208,1
6090,0
1365,1
490,1
4185,1
3574,1
9824,0
6088,0
6856,0
4447,1
2234,1
3075,0
1218,1
6789,0
1700,0
6911,0
9668,0
399,0
875,1
1189,0
5206,0
9862,0
5556,0
9232,0
1100,1
7551,0
7575,0
2024,0
3060,1
3805,0
9432,0
7109,0
3113,0
421,0
2546,0
5497,1
6878,0
9077,0
9571,0
1101,0
4361,1
5653,0
2515,0
1904,1
2535,1
4531,0
2303,1
9582,0
829,1
4884,0
3973,1
2972,0
4768,1
7491,0
3754,0
4552,1
1130,0
2073,0
3646,0
8050,0
1451,0
2863,1
1105,0
5068,0
9878,0
1770,1
398,1
838,0
797,1
6671,0
2063,0
2230,1
3220,1
5062,0
4172,0
3409,0
5554,0
5760,0
1334,0
4851,1
65,0
4273,1
1747,1
4214,1
7154,0
1158,0
4122,0
3051,0
525,1
4628,1
7837,0
7413,0
1109,1
6465,0
1674,0
4760,0
8702,0
3229,0
8549,0
5317,0
1742,1
6053,0
332,1
8491,0
3101,1
598,0
1641,0
3579,0
4014,0
3154,0
6530,0
8016,0
5555,0
7488,0
1415,0
4835,1
4572,0
228,1
4722,0
498,0
4103,0
6073,1
902,0
6109,0
2749,1
7703,0
6384,0
2365,1
5020,0
1237,1
892,0
3286,1
8880,0
6477,0
1219,1
949,0
9875,0
6279,0
78,1
2576,1
7940,0
2682,0
5244,1
4234,1
8932,0
6113,0
4347,0
8878,0
4217,0
6790,0
8966,0
2016,1
9476,0
7426,0
7962,0
9111,0
912,0
6511,0
7722,0
1281,1
3626,1
4911,1
2307,1
2118,1
5007,0
4931,1
6254,0
3584,0
3641,0
1241,0
5185,0
2977,0
158,1
1708,1
2425,1
5032,0
5208,0
8285,1
2862,0
1250,0
5643,0
1108,1
9736,0
8330,0
7952,0
3155,0
7809,0
283,1
9243,0
3245,0
7980,0
1978,0
6823,0
1792,1
2482,0
754,1
2094,0
3779,1
6527,0
9491,1
8324,0
2005,0
8085,1
6315,0
2475,1
8695,0
7383,0
3982,0
8480,0
9188,0
8718,0
3888,1
2644,1
5668,1
904,0
8385,0
7288,0
1725,0
8540,0
6147,0
7509,0
3713,1
967,1
8307,0
8951,0
6933,0
2046,1
7754,0
4499,0
333,0
50,1
7116,0
8992,0
7144,0
2552,1
4654,1
2022,0
1208,0
5359,0
1151,0
9,0
2814,0
1707,1
3323,1
9996,0
5710,0
5167,0
9916,0
5962,0
6092,0
4812,1
1896,0
4473,0
3444,0
9206,0
8226,0
6219,0
3806,0
4414,1
5907,0
1672,1
9211,0
9892,1
6271,0
3635,0
427,0
7274,0
2536,0
6624,0
8018,0
546,1
8791,0
4358,1
4350,1
2533,0
6657,0
3960,1
4762,0
6934,0
171,1
5272,0
1539,0
1482,1
1906,1
8126,0
2734,0
8273,0
1900,1
693,0
4679,0
9344,1
8134,0
7439,0
6211,0
9716,0
2096,1
7857,1
8291,0
4877,0
7778,0
5514,0
7173,0
541,0
4068,1
9070,0
9914,0
7708,0
7001,0
2678,0
6398,0
9817,0
9853,0
2728,1
882,0
7524,0
7153,0
9268,0
1970,0
3288,0
9942,0
1516,1
1171,1
1446,0
7057,0
6732,0
2838,0
1329,0
3757,0
9848,0
9827,0
75,1
826,1
8750,0
9414,0
8705,0
7695,0
2750,1
5562,0
6761,0
3783,1
8557,0
2387,0
8157,0
1622,0
7697,0
8357,1
9617,0
945,1
7702,0
5852,0
4938,0
8175,0
7499,0
9449,0
9374,0
2872,0
1115,0
7655,1
9731,0
225,0
8884,0
1856,0
8296,0
6773,0
5375,0
845,0
572,1
7719,0
8649,0
6877,0
3179,1
3232,0
3672,1
6577,0
154,0
476,0
6397,0
3710,0
4087,1
6225,0
3087,0
3951,0
5786,0
4374,1
9978,0
6695,0
9957,0
1087,1
7122,0
4478,1
1099,1
5504,0
8493,0
6626,0
3237,0
647,1
6777,0
7266,0
918,0
207,0
9223,0
5308,0
9346,0
8424,0
3936,0
3739,1
7521,0
4393,0
5586,0
4623,1
5687,0
4538,1
9278,0
8893,1
5234,0
8172,0
8101,0
6901,0
7533,0
8760,1
9020,0
6470,0
9754,0
6227,0
6653,0
3416,0
1836,0
2453,0
3029,1
167,1
6104,0
9565,0
47,1
6297,0
8112,0
4493,0
1507,0
7864,0
2612,0
7701,0
9100,0
5365,0
2221,0
5690,0
986,1
423,1
5994,0
1434,1
6628,0
5902,0
9237,1
6215,0
2286,1
7147,0
2114,1
5200,0
1782,0
4898,0
2050,1
7149,0
1350,0
7667,0
9409,0
3084,0
3921,0
8264,0
1737,0
9264,0
7550,0
3887,0
5612,0
8367,0
4130,1
6341,0
7044,0
1468,0
8196,0
564,0
8567,0
9106,0
3778,0
4170,0
855,1
309,0
1780,1
4378,0
8181,0
5363,1
3306,1
547,0
7866,0
2477,0
9711,0
2581,0
5254,0
5776,0
3976,1
720,0
4387,1
2931,1
540,0
465,1
2232,1
5132,0
8727,0
8471,0
1047,1
8802,0
7296,0
2315,0
9659,0
60,0
5695,0
4849,0
5285,0
3536,0
6622,0
327,1
3564,0
6148,0
6539,0
3215,0
615,0
535,0
4624,0
4828,0
9819,0
7515,0
908,0
581,1
5792,0
4291,1
1263,0
172,0
8214,0
2822,1
4476,0
3457,0
2870,0
6665,0
924,0
6846,0
5109,0
5379,0
3453,1
5269,0
5658,0
6693,0
3495,0
5737,0
9758,0
8739,0
2690,1
1430,1
1760,1
5445,0
8365,0
6658,0
7070,0
7693,0
604,0
1239,0
8481,0
415,0
49,0
3021,0
2810,1
5078,0
1164,0
1779,1
738,0
7020,0
8751,1
4682,1
595,1
1811,1
812,1
9760,0
3118,1
5859,0
5263,0
6026,0
3694,1
8022,0
4316,0
8719,0
5161,0
6606,0
9791,0
5011,0
7056,0
2013,0
8211,0
774,0
3383,1
4401,0
3552,0
439,0
713,1
4550,0
223,0
3549,1
9161,0
9454,0
8475,0
1082,0
2727,0
5784,0
6389,0
734,0
5770,0
7148,0
8358,0
3256,1
9326,0
3844,1
3190,0
8770,0
3378,0
9894,0
7609,0
6865,0
2113,1
3255,0
7348,0
5706,0
1643,1
5315,0
5700,0
357,0
4475,1
530,0
4731,1
9808,0
8510,0
1093,0
3560,0
5861,1
3185,0
9483,0
2880,0
6540,1
8872,0
3325,0
5081,0
8825,0
7077,0
8019,0
8054,0
6904,0
8855,0
2337,0
4081,0
5498,0
8165,0
9732,0
9564,0
7567,0
3503,0
5207,0
7625,0
5467,0
5384,0
5850,0
8247,0
4233,1
5069,0
2845,1
3131,0
5744,0
7584,0
7653,0
4711,1
9680,0
4139,0
1858,0
6660,0
300,0
4681,0
9253,0
6364,0
405,0
5391,0
2424,1
3620,0
8591,0
7171,0
8352,0
3893,1
1366,1
414,0
6869,0
8513,0
3586,1
2330,0
3582,1
6867,0
7307,0
4973,1
2697,1
8925,0
8627,0
5136,0
6615,0
6310,0
3958,0
7503,1
3557,0
8434,0
4827,1
9312,0
508,1
9795,0
7029,0
8620,0
2448,0
1781,0
4906,1
7081,0
5664,0
3616,0
9614,1
8879,0
6703,0
8553,1
9339,0
4639,1
7332,0
9300,0
4319,0
6143,0
3685,0
1609,1
1402,1
2818,0
1872,1
8838,1
6232,0
180,1
4012,1
7246,1
2173,1
2778,0
2664,0
3884,1
87,1
5418,0
6178,0
8288,0
9411,0
539,0
3446,0
4385,0
6614,0
8122,0
6770,0
5071,0
4062,0
6500,0
8128,0
6652,0
3279,1
9417,0
8311,1
41,0
9247,1
9721,0
9242,0
9293,0
5205,0
2674,0
9043,0
2846,0
2930,1
8541,0
1874,1
9051,0
6876,0
4972,0
2383,0
1391,1
7127,0
9610,0
4149,0
9122,0
8113,0
387,1
8824,0
4403,0
5432,0
1863,0
1327,1
8590,0
7474,0
5351,0
8982,0
497,1
4436,1
1801,1
4240,1
1955,0
9378,1
9460,0
6100,0
2595,0
747,0
764,0
9179,0
4155,1
6149,0
8120,0
5599,0
1619,1
8059,0
5876,0
5957,0
765,0
6578,0
5021,0
4952,0
6716,0
9765,0
1270,1
9138,0
9349,0
5210,0
565,0
5589,0
3699,0
4847,0
8699,0
2703,1
9448,0
1274,0
8599,0
151,0
1032,0
2508,0
1442,0
8274,0
346,0
3468,1
9890,0
2630,1
1670,0
8677,0
8722,0
3307,1
706,0
8991,0
9594,0
9963,0
4992,0
3434,0
9185,0
3058,1
3670,0
1400,0
5113,0
6983,0
3159,0
4686,0
5745,0
2240,0
7623,0
5598,0
4183,1
7098,0
6795,0
521,1
1473,1
5652,1
7706,0
8323,0
7705,0
4595,0
9506,0
1201,0
9536,0
6231,0
9473,0
584,0
153,1
1509,0
3624,1
3466,1
2224,1
6831,0
8504,0
1142,0
7379,0
10,0
3510,1
3518,1
7041,0
1658,0
5087,0
8767,0
5303,0
2964,0
3006,1
7002,0
1181,0
6392,0
6981,0
5465,0
2671,1
5941,0
3269,0
2099,1
3793,0
4665,1
4633,1
8004,0
9193,0
6580,0
7283,0
3573,0
6954,0
3213,0
3857,0
3366,0
4070,1
2276,0
1408,0
1465,0
8832,0
8901,0
8482,0
1667,0
6946,0
3387,0
9681,0
2910,0
9359,0
1647,0
6797,0
4672,0
7197,0
8009,0
688,0
3355,1
9570,0
7945,1
7692,1
7462,0
5934,0
3540,1
9884,0
5741,0
1677,0
1149,1
4005,1
4018,0
8717,0
8532,0
1493,0
8292,0
6210,0
6971,0
6739,0
1323,0
8202,0
9578,0
3558,0
8813,0
6647,0
2946,0
8000,0
3193,0
7244,0
2087,0
917,1
7928,0
9435,0
8713,0
4608,1
4655,1
6871,0
3541,0
3539,0
7394,0
9018,0
3889,1
707,1
7873,0
583,0
5304,0
5575,0
4518,1
2633,0
4004,0
8158,0
4971,1
118,1
8212,0
8913,0
8453,0
5662,0
7771,0
9576,0
5279,0
4323,0
9644,0
2254,0
9772,0
2321,0
7038,0
5800,0
1636,0
3956,0
8725,0
5685,0
4091,0
3686,0
7365,0
6245,0
1607,0
5286,0
5407,0
5470,0
1569,1
8890,0
3093,0
6230,0
8284,0
1808,0
4921,1
6488,0
8977,0
2480,1
499,1
3684,0
7411,0
4213,0
9762,0
1411,0
816,1
5412,0
9792,0
3445,0
9879,0
6655,0
4605,0
4242,0
9181,0
9662,0
8456,0
629,0
5632,0
1762,1
7118,1
7414,0
1196,0
7632,0
4566,1
1267,0
5826,0
5885,0
8506,0
4858,1
204,0
6918,0
3120,1
7475,0
3814,1
3089,1
6101,0
9626,0
5548,0
6775,0
2650,0
2747,1
3550,0
3116,0
6448,0
1754,1
5311,0
1481,1
9424,0
4570,1
5547,0
6311,0
7821,1
5999,0
979,1
3528,1
549,1
7263,0
9779,0
9566,0
9361,0
8462,0
1425,1
2906,0
3319,0
5264,0
576,0
6903,0
1452,0
7195,0
1320,0
4541,1
849,0
9190,0
4723,1
4443,0
341,0
5939,0
6168,0
4873,0
9141,0
4743,0
1871,0
9684,0
8523,1
303,1
5022,0
9017,0
4771,0
6173,0
6404,0
7071,0
4680,1
9673,0
3240,1
8459,0
9723,0
3045,1
4392,0
7552,0
8416,0
2869,0
241,0
9334,0
5958,0
1479,1
9007,0
8960,0
8868,0
786,1
1597,0
170,1
6632,0
3266,0
677,0
896,0
1127,0
3449,0
2775,0
1376,0
5242,0
5542,0
4126,0
6030,0
4573,0
7200,0
1617,1
9697,0
1895,1
9233,0
2129,1
9924,0
2792,0
635,1
4716,1
7995,0
7630,0
5754,0
6198,0
7899,0
6282,0
8565,0
8106,0
8931,0
4773,1
670,1
3978,0
7230,0
488,0
6379,0
3214,0
2794,1
681,1
2312,1
4031,0
9150,0
6394,0
4259,0
5357,0
8707,0
3415,1
6016,0
6046,0
3992,1
673,1
1645,0
8861,0
4831,0
4632,1
8057,0
2769,0
1585,1
9592,0
9153,0
1349,1
7221,0
866,1
9203,0
2799,1
9876,0
4218,0
2417,1
6927,0
915,0
1767,0
4294,1
6561,0
9992,0
5703,0
6191,0
14,1
8103,0
6517,0
7410,0
5893,0
8191,0
3787,1
7206,0
2585,0
5602,0
2557,0
835,1
6570,0
9140,0
8188,0
4263,1
1193,1
2937,0
7527,0
3180,1
1220,0
3753,1
8898,0
1194,0
2627,1
9160,0
7696,0
9204,0
4174,1
1698,0
8684,0
2476,1
8831,0
7505,0
2082,1
6851,0
7247,0
6286,0
4466,0
485,0
9026,0
9040,0
3330,0
4616,1
4667,1
2647,1
2454,1
2281,1
1943,1
2816,1
3782,0
947,0
7215,0
6949,0
6452,0
8413,0
6079,0
1489,0
7226,0
1860,1
8040,0
1096,0
2124,0
8346,0
7541,0
2655,1
9167,0
7984,0
8056,0
1480,1
2824,1
510,0
4035,0
1861,0
446,1
1359,1
5203,0
533,0
6787,0
3252,0
8840,0
6522,0
7942,1
6264,0
2668,0
9835,0
7634,1
9679,0
3313,0
6317,0
9639,0
9121,0
9794,0
2731,0
4710,1
3855,1
1730,1
3602,1
5535,0
5098,0
5568,0
8138,0
2335,1
8888,0
9891,0
4003,0
9130,0
8099,0
9593,0
1688,1
5443,0
4776,1
5804,0
8811,1
160,1
3940,1
4766,1
5362,0
8435,0
8745,0
6591,0
7629,0
2679,1
1551,0
6421,0
9481,0
4902,1
512,1
5808,0
6125,0
5301,0
5461,1
3097,0
2225,1
2153,0
9535,0
4459,0
2601,0
2081,0
7453,0
6455,0
6429,0
4210,1
614,1
5856,0
4187,0
5740,0
3837,0
4127,1
6666,0
9271,0
3970,0
6060,0
7404,0
9189,0
2187,0
2001,1
2553,1
8881,0
7062,0
4690,0
1661,1
6497,0
9901,1
142,0
7187,0
7293,0
9917,1
258,0
1496,0
1602,1
6376,0
2741,1
6471,0
7651,0
649,0
2323,1
5067,0
3751,0
970,0
6158,0
8425,0
7168,0
5401,0
8383,0
6170,0
2915,1
7186,0
7820,0
3007,0
7225,0
7661,0
7192,0
8833,0
6380,0
2500,0
5878,0
1363,0
5564,0
9041,0
3056,1
6041,1
9557,0
8042,0
4366,1
1640,1
2269,0
1696,1
9373,0
2449,0
1911,1
8279,0
5915,0
406,0
1805,1
1813,0
7358,0
2933,1
7800,0
4929,0
7889,0
6190,0
3209,1
4408,1
8571,0
7282,0
3479,0
5640,1
463,0
1223,0
4223,1
404,0
7672,0
7343,0
5187,0
4787,1
3997,0
5337,0
4199,0
4377,1
1631,1
4788,1
683,0
9152,0
2833,0
1443,1
1118,1
9063,0
3459,1
2580,1
5088,0
9143,0
6914,0
6791,0
6081,0
3926,0
3340,1
6176,0
199,0
5144,0
5348,0
2121,0
4419,0
5909,0
2350,0
4135,1
6768,0
4164,1
2410,1
6278,0
8293,0
7627,0
4775,1
9023,1
5010,0
7789,0
4142,0
6298,0
2528,0
7377,0
3673,0
365,0
4829,0
5162,0
6437,0
2071,0
9337,0
5050,0
6769,1
4383,1
3226,1
3031,0
3064,0
5965,0
2549,0
6263,0
1388,1
6841,0
6521,0
1581,1
6929,0
6124,0
2062,0
886,0
2609,1
38,0
2952,0
3917,0
2556,0
7139,0
9913,0
3278,0
4910,1
2686,1
334,0
6162,1
1057,0
4889,1
24,1
9494,0
5828,0
6346,0
1097,0
3752,0
5693,0
5389,0
8983,0
1471,0
1257,0
3879,1
452,0
8355,0
6152,0
6226,1
6064,0
828,0
9665,0
2936,1
8716,0
9686,0
722,0
9877,0
7559,0
7717,0
9678,0
7336,0
2888,0
1595,0
6972,0
8282,0
5964,0
4860,0
9616,0
9170,0
6621,0
5688,0
3971,1
3096,0
3748,0
4430,1
5517,0
7577,0
4750,1
8076,0
4379,0
4077,1
350,1
5545,0
3322,1
2259,1
7799,0
2026,1
9893,0
3352,1
8575,0
9612,0
1445,0
5077,1
8448,0
5249,0
7738,0
8561,0
4770,0
4564,0
5413,0
1611,0
429,0
8329,0
3950,0
5651,0
5225,0
7723,0
1210,0
916,0
4262,0
7155,0
240,0
6550,1
6620,0
2613,1
2494,1
1000,1
5274,0
56,1
3020,0
8431,0
208,1
2111,1
4663,0
8668,0
5403,0
1440,1
425,1
8061,0
697,1
6700,0
1265,1
1623,0
4833,1
7675,0
1593,0
7205,0
2301,1
4588,0
5057,0
5956,0
8260,0
2200,0
7131,0
8885,0
978,0
2770,0
4325,1
819,1
8730,0
5922,0
7643,0
9604,0
8803,0
1467,1
9216,0
621,1
8623,0
5463,0
7818,0
4006,0
3048,1
1778,1
6492,0
4066,1
336,1
2642,0
7261,0
1083,0
7496,0
2607,1
6961,0
3569,0
4024,0
8530,0
390,1
737,1
113,0
1068,1
3923,1
937,0
2299,0
5969,0
9595,1
7791,0
5111,0
6979,0
7387,0
257,0
2238,0
1339,0
1152,1
9412,0
6360,1
992,1
8697,0
1846,0
2558,1
5105,0
1972,1
4610,1
4622,0
3664,0
7660,0
3403,1
6524,0
132,1
2462,0
4131,0
441,0
4160,1
2029,1
1668,0
5865,0
5378,0
7680,1
2175,0
4734,0
5381,0
5320,0
1994,0
1849,0
7585,0
5314,0
1598,0
2725,1
9816,0
8776,0
6205,0
4863,0
2572,0
9266,0
1294,0
135,0
9554,0
8494,0
5204,0
1659,0
1744,0
1278,1
7253,0
8635,0
7055,0
3430,0
3546,0
27,1
6308,0
491,1
7947,0
9490,1
4043,0
8685,0
2125,0
2466,0
8691,0
5843,0
6050,0
4457,0
5030,0
7621,0
339,1
4201,1
8125,0
3651,1
124,0
6644,0
3025,1
2386,0
1965,1
2960,0
7257,0
969,0
4308,1
8560,0
1588,0
935,0
6563,0
523,0
1353,0
6393,0
3138,1
1188,0
8021,0
7712,0
6745,0
9363,0
877,1
3294,0
8144,0
8465,0
4832,0
5942,0
3429,1
6879,0
7845,0
6299,0
4756,0
9523,0
6897,0
8640,0
4384,1
3542,0
5872,0
9636,0
782,1
2163,1
5719,0
760,0
514,1
1605,0
4279,0
7013,0
2891,1
3930,0
2152,0
193,0
742,0
8290,0
1870,1
2211,0
7807,0
3638,1
5038,0
6196,0
3200,0
8863,0
6019,0
9785,0
8921,0
409,0
578,0
692,0
6274,0
8396,0
4927,1
5925,0
8420,0
8749,0
1157,0
7481,0
8297,0
3133,1
590,0
1575,0
4574,1
3129,1
9313,1
6250,0
6752,0
2396,0
8944,0
3124,0
5040,0
743,0
1948,0
182,0
3547,0
4338,1
2716,0
5490,0
1053,1
8344,0
653,1
148,1
708,1
369,1
23,0
1285,1
1957,1
8025,0
2260,0
5628,0
1199,0
4508,1
2283,0
1192,0
8298,0
9087,0
7932,0
5605,0
8240,0
7762,0
4808,1
2693,0
4251,1
8669,0
2798,0
9151,0
2511,1
8528,0
1908,1
7830,0
8068,0
1706,0
1464,1
3800,0
3033,1
2771,1
6418,0
9799,0
30,0
2306,0
7302,0
1226,0
2329,1
3413,1
9104,0
173,1
9581,0
3241,1
4955,1
6068,0
3742,1
5920,0
8380,0
8066,0
807,0
1469,1
3902,0
7227,0
493,0
6747,0
1001,1
2317,1
8741,0
8979,0
972,1
5404,0
2380,0
7804,0
6585,0
5791,0
4707,0
6861,0
9844,0
7913,0
4110,0
6738,0
1663,0
7334,0
3345,1
198,0
1058,0
640,1
7309,0
319,0
7431,0
2662,0
9341,0
8963,0
1920,1
1952,0
371,0
585,0
2830,1
7729,0
9703,0
9945,0
76,1
6334,0
6862,0
5093,0
2368,0
7644,0
6145,0
4735,1
375,1
80,1
7650,0
8031,0
2170,1
9843,0
2786,0
7389,0
2898,1
7574,0
6786,0
5480,0
189,0
5611,0
2892,0
9915,1
9031,0
3170,1
2059,1
4449,1
7177,0
948,1
5724,0
8194,0
9784,0
6234,0
9350,0
8007,0
3106,1
5566,0
7545,0
2110,1
8432,0
1517,0
7430,0
3702,1
5979,0
9540,0
873,1
1205,1
7015,0
809,1
5115,0
1816,0
7201,0
9342,0
4795,1
3965,0
5579,0
3070,0
7238,0
8905,0
6719,0
9224,0
3150,0
5713,0
2826,0
3852,0
2614,1
9549,1
6963,0
3617,0
5456,0
8332,0
7605,0
6581,0
2496,0
7329,0
6533,0
7375,0
4037,0
4916,0
1076,0
9256,0
1069,0
9351,0
1136,1
999,1
2715,0
8759,0
7190,0
6676,0
9574,0
8216,0
261,1
3910,0
3297,1
6649,0
1695,0
8200,0
6507,0
1713,1
3061,0
400,1
3250,1
5277,0
5627,0
4134,1
6388,0
864,0
1824,1
6489,0
8783,0
5530,0
2433,1
8182,0
4303,1
3328,1
3362,0
5165,0
890,0
5750,0
7558,0
8485,0
4055,1
4990,1
2297,1
5079,0
4041,0
1112,1
631,1
7009,0
8404,0
4054,1
1838,1
5970,0
7100,0
5383,0
7086,0
8390,1
9507,0
6357,1
5370,0
3781,1
6762,0
9918,0
5538,0
7665,0
3182,1
4619,0
6373,0
9276,0
1934,1
3535,1
7795,0
8166,0
3141,1
5895,0
2631,0
295,0
9712,0
2876,1
8940,0
8765,0
4348,1
6076,0
7393,0
2446,1
7595,0
2439,1
7982,0
7035,0
8737,0
656,0
2085,1
2509,0
6403,0
7924,0
8817,0
9171,0
6199,0
4001,1
5983,0
2074,0
277,0
4254,0
9645,0
7235,0
294,1
6848,0
6302,0
8915,0
6735,0
3517,0
6989,0
3324,0
3545,0
6939,1
1369,0
4609,1
4163,0
9698,0
1314,1
4085,0
1726,1
2357,0
3395,1
7741,1
7406,0
5886,0
6051,0
8958,1
6269,0
9446,0
1397,0
1244,1
7620,0
833,0
149,1
3647,1
5268,1
184,1
920,1
1487,0
2926,1
5610,0
5968,0
3634,1
5742,0
2035,0
5777,0
264,1
3299,0
5419,0
2504,0
4692,0
7566,0
3030,0
4505,0
8401,0
6792,0
2250,1
2395,1
1378,1
1500,0
2291,0
8949,0
7074,0
3454,1
7761,0
8728,0
3437,0
3966,1
7203,0
3254,0
7428,0
9873,0
9607,0
51,1
6449,0
7792,0
7633,0
7926,0
9047,1
6870,0
1969,0
2713,1
7848,0
5578,0
1514,1
7631,0
9366,1
8304,0
3333,0
168,0
2322,1
4671,0
424,0
2602,1
3494,0
4256,0
1354,1
3758,1
7237,0
3537,0
7907,0
3156,0
3326,1
4000,0
9955,0
853,1
8192,0
9543,0
7179,0
2258,0
53,1
6923,0
9478,0
2177,0
6290,0
6642,0
9509,0
3995,0
4715,0
3700,1
5091,0
9132,0
5697,0
2841,0
7798,0
1212,1
7764,0
8904,0
9410,0
3848,0
3994,0
9011,0
3591,0
8049,0
6924,0
515,1
8263,0
2709,0
356,1
6962,0
8118,0
5501,0
8721,0
3320,0
59,0
5439,0
281,0
9631,0
3348,1
1629,0
2782,1
8789,0
5148,0
8643,0
3575,0
7325,0
9380,1
1276,0
4047,1
1530,0
6991,0
805,0
1529,0
6854,0
8912,0
8241,0
5666,0
2691,1
5654,0
3054,0
1367,0
5406,0
8616,0
2464,0
0,0
9369,0
4568,0
6044,0
5072,0
176,0
1022,0
8964,0
8704,0
1286,1
7063,0
2409,1
5908,0
3008,0
5951,0
6543,0
2384,0
1348,0
5416,0
4275,0
6674,0
6440,0
532,1
9404,0
380,0
9505,0
3346,1
7133,0
2681,0
930,0
2626,1
2526,1
9949,0
9995,0
8611,0
1059,1
4176,0
7090,0
73,1
5972,0
3173,1
2604,1
7236,0
1252,0
4394,0
8820,0
1864,1
4603,0
8680,0
8580,0
9295,0
9364,0
1290,1
2995,1
4957,0
6648,0
455,1
6427,0
815,0
7614,0
2920,0
2638,0
9155,0
5672,0
3130,0
9874,0
8036,0
4700,1
2777,0
2222,0
8544,0
7097,0
7544,0
8159,0
5280,0
3719,0
9310,0
7523,0
5751,0
3873,0
1203,0
1405,1
1699,0
7823,0
6163,0
4718,1
9563,0
4878,0
5927,0
163,1
2047,0
6966,0
6342,0
3360,0
5294,0
8600,0
4118,1
5866,0
3412,1
5101,0
641,1
6750,0
1343,0
4480,0
888,0
3927,0
531,0
6031,0
8002,0
7483,0
7249,0
7875,0
1795,0
6784,0
9218,0
6028,0
2109,1
5681,0
3166,0
266,1
3763,1
811,0
360,0
1460,0
952,1
2160,1
1799,1
7468,0
8124,0
7000,0
3337,0
9708,0
5427,0
7711,0
6564,0
2100,0
8478,0
6724,0
5175,0
9258,0
4231,1
8959,0
2191,0
8403,0
3164,1
8466,1
9175,0
88,1
2324,0
8490,0
8012,0
3776,0
315,0
7758,0
3117,1
4618,1
2020,0
2002,0
2974,0
1275,1
7277,0
528,0
6188,0
4404,1
3598,1
5230,0
3681,1
1318,0
6743,0
7085,0
5778,0
3034,1
6383,0
4811,1
9322,0
1166,1
4725,0
9751,0
9332,0
6236,0
1222,1
6604,0
4943,0
4255,1
6883,0
1982,0
9328,0
4020,1
8563,1
3482,1
7066,0
1538,0
9834,0
2744,1
1553,1
7341,0
2817,0
9208,0
7960,1
8810,0
2381,1
5186,0
4526,1
3524,0
2629,1
7447,0
4123,1
9467,0
2766,1
1656,1
4818,0
7896,0
7743,0
1843,0
6842,0
3151,0
9761,0
3386,0
5046,0
4025,0
9606,0
426,0
4094,0
5574,0
1923,0
6223,0
9983,0
7054,0
8596,0
8683,0
6177,0
6898,0
2542,0
8185,0
3515,1
7031,0
9842,0
5807,0
4969,0
7019,0
6387,0
6156,0
9352,0
6548,0
7241,0
7363,0
7476,0
1841,0
5400,0
1209,1
474,1
3311,1
8407,0
8848,0
4596,0
3235,1
7656,0
9989,0
7448,0
5060,0
4407,1
131,0
5410,0
1341,1
2184,1
9277,0
8786,0
6728,0
9002,0
7946,0
247,0
9603,0
29,1
1119,0
5827,0
7570,0
7407,0
7573,1
4842,1
6171,0
5973,0
9273,1
9846,0
4666,1
633,0
8238,0
8152,0
4745,1
9286,0
868,0
4923,0
7165,0
7613,0
6119,0
4129,1
3559,0
2503,0
3567,0
4693,0
860,0
7785,0
4105,1
7218,0
4885,0
2310,1
2759,0
6975,0
848,1
1243,1
4713,0
5325,0
6502,0
6179,0
1180,0
3460,0
6493,0
2371,1
2,0
7174,0
4011,0
5572,0
6959,0
1048,0
5034,0
4491,1
9717,0
9054,0
3863,1
4810,1
2551,0
9943,0
2431,0
3797,0
8184,0
310,0
1618,0
1092,0
1940,1
6664,0
3825,0
5875,0
1229,1
6820,1
4855,1
1474,1
1733,0
2628,0
2622,0
7797,0
6459,1
4562,1
4349,0
9548,0
2834,1
3009,0
762,0
7444,1
5110,0
3890,0
6810,0
9389,0
9427,0
3314,1
3441,1
8874,0
6832,0
4959,0
991,0
914,1
9184,0
8377,1
9114,0
3654,0
9775,0
6864,0
7418,0
2484,0
3148,0
740,0
31,0
971,0
5839,0
3962,0
5560,0
1116,0
5805,0
156,1
7607,0
2467,0
831,1
5454,0
9027,0
2825,0
8694,0
9655,0
6460,0
6694,0
9115,0
7368,0
2044,1
1980,1
8441,0
2683,0
1346,0
2077,1
6687,0
3653,0
355,0
744,0
7193,0
9956,0
9036,0
723,0
1976,1
2955,0
4340,0
2214,0
5394,0
9767,0
3870,1
5842,0
1258,1
8277,0
746,0
5276,0
1867,0
6186,0
9154,0
265,1
9763,0
2428,0
3139,1
7698,0
4533,1
3062,1
9856,0
213,0
7826,0
5223,0
3947,1
2058,0
8086,0
6451,0
3711,0
2904,0
4922,1
3838,1
7382,0
8306,0
3136,0
284,1
95,1
1880,1
7027,1
7850,0
7859,0
2280,0
5536,0
2521,0
3613,1
7333,0
9597,0
2003,1
5346,0
3932,0
4578,0
8235,0
5917,1
4416,0
6353,0
3217,1
9556,0
4333,0
1003,1
6853,0
9357,0
6601,0
5295,0
8492,0
2507,0
9134,0
1184,1
1259,0
2522,1
7199,0
9314,0
4559,0
4101,1
9033,0
8518,0
2436,1
9345,0
9625,0
4988,1
7297,0
4790,0
4483,0
3103,1
7194,0
603,0
4418,0
5963,0
9057,0
4042,1
9575,0
5561,0
6659,1
3367,0
1280,1
7728,0
9022,0
3149,0
3799,0
6216,0
6401,0
6358,0
328,0
1704,1
2493,0
7073,0
8671,0
3629,1
9553,0
4010,1
9740,0
8309,0
6067,0
9071,0
9221,0
8658,0
6361,0
2199,0
8010,0
6589,0
3083,1
6065,0
5452,0
1901,0
8968,1
4664,0
1786,1
9465,0
9340,1
5188,0
5353,0
6094,0
84,0
3487,0
2789,0
7355,0
511,0
9912,0
6532,0
731,1
4782,0
4861,0
4470,1
9469,0
2757,1
2859,1
9627,0
3122,1
3184,0
2055,0
6814,0
4334,0
127,0
4450,0
164,1
9733,0
7461,0
6415,0
3199,0
5986,1
1319,1
5587,1
7642,0
472,0
1997,1
18,0
5158,0
2137,0
1025,0
8289,0
5935,0
3114,1
7744,0
6110,0
3161,0
5940,0
9699,0
7888,0
449,0
8742,0
9739,1
4372,1
6362,0
3744,1
178,0
4529,1
1340,1
3548,1
1591,0
9709,0
7553,0
8933,0
1769,0
3596,1
483,0
3967,1
6994,0
9946,0
2485,0
780,0
4644,1
6997,0
7229,0
6059,0
77,0
6689,0
7047,0
9596,0
7748,0
8865,1
2203,1
8650,0
6085,0
6006,0
752,0
8313,0
3637,0
699,1
8142,0
9421,0
6942,0
7184,0
1492,0
6328,0
2086,1
3365,1
8223,0
7207,0
2154,1
69,1
1449,1
3175,1
3877,0
3959,0
3221,0
1531,1
4501,1
7678,0
7208,0
504,1
6953,0
8531,0
3580,0
7089,0
6329,0
798,1
4840,0
5074,0
9865,1
3795,1
61,0
1775,1
5698,0
9934,0
2460,1
5507,0
9735,0
6535,1
1567,1
4742,0
4456,0
2848,0
2986,1
4454,1
7213,0
1568,1
9447,0
6212,0
7486,0
5019,0
4373,0
381,1
6288,0
2412,0
3912,1
5120,0
928,1
4162,0
9459,0
6172,0
7794,0
245,0
1439,0
9214,0
7937,0
7846,0
8603,0
9254,0
4212,1
8461,0
5121,0
4343,0
3561,1
8857,0
8924,0
114,1
2302,1
8310,0
2180,0
8354,0
8455,0
5409,0
775,0
4871,1
7360,0
4676,1
8843,0
9502,1
9362,0
7286,0
3760,1
9948,0
6677,0
7006,0
3874,0
9238,1
1368,1
9089,0
9120,0
8206,0
9159,0
8055,0
1106,1
3425,1
4336,0
3968,0
1254,0
2648,0
2923,0
4780,1
1639,0
1133,1
3519,0
6515,0
7725,0
271,1
5349,0
1547,0
4310,0
1018,1
4440,0
9030,0
5711,0
4891,1
7891,0
8604,0
4438,1
8569,0
1491,1
8930,0
3615,1
52,0
5405,0
5094,0
3094,1
1389,0
7884,0
3478,1
4191,1
5595,0
3222,1
1632,1
5694,0
7731,0
467,1
9770,0
9095,0
71,1
9621,1
5052,0
1207,0
1590,0
5159,0
5624,0
658,1
7901,0
8255,0
6538,0
5172,0
3036,0
8646,0
5479,0
6478,0
402,0
5085,0
5541,1
1472,0
8869,0
3356,1
9443,0
1983,0
4918,1
5059,0
3843,1
1033,0
174,0
9131,0
3102,0
7713,0
8526,0
9065,0
2853,0
1486,0
6151,0
4293,0
8488,0
7560,0
9622,0
9786,0
5626,0
3845,1
5841,0
8570,0
3110,0
3918,1
4138,1
2172,1
2599,0
8013,0
9107,0
5967,0
9782,0
5867,1
3820,1
9148,0
1887,0
8336,0
3717,0
1182,0
9986,0
5004,0
4602,0
9974,0
1722,1
2884,0
2994,1
4763,1
9078,0
4056,0
5380,0
8525,0
8345,0
5516,0
6645,0
5936,0
7880,0
721,1
373,0
8186,0
8023,0
6734,0
312,0
8116,0
42,1
7033,0
7045,0
7196,0
8609,0
4753,1
2791,1
8896,0
732,1
6594,0
944,1
5256,0
9210,0
8187,0
5565,0
9099,0
1693,0
519,1
814,0
818,0
4830,0
9694,0
7058,0
5217,0
3734,0
6272,0
6010,0
6833,0
7790,0
2592,0
379,1
2251,0
4439,0
2148,0
3726,0
2566,1
6038,0
1803,1
9838,0
7145,0
3621,0
6108,0
1594,1
7061,0
4890,1
7610,0
8907,0
2559,0
4208,1
5095,0
7528,1
1582,1
2547,1
8511,0
7078,0
4321,0
5138,1
6884,0
6541,0
1763,0
6684,0
6472,0
2843,1
4944,0
8405,0
4433,0
8995,0
8121,0
6356,0
5278,0
7280,1
4132,0
105,1
4946,1
2806,0
6509,1
9657,0
6825,0
2953,0
8757,0
7519,0
4345,1
7802,0
9666,0
3236,1
2829,1
2502,0
317,1
1200,0
7919,0
2278,0
7463,0
8844,0
8262,0
7988,0
2658,1
1174,1
1088,0
8734,0
8020,0
8602,0
4064,1
9896,0
7295,0
2091,0
4635,1
601,1
5428,0
7753,0
2219,1
5858,0
9029,0
624,1
8998,0
4978,1
5580,0
3115,1
8829,0
8615,0
4823,0
7111,0
1996,1
8090,0
4472,1
9909,0
2486,1
8342,0
1580,0
6045,0
5870,0
8818,1
7125,0
3002,0
4601,1
143,0
4813,0
6727,0
5251,0
3452,1
3605,0
7871,0
4420,0
2171,0
4975,0
5171,0
4720,0
2832,0
1527,0
7424,0
8809,0
9516,0
6078,0
690,0
2288,0
3302,0
5785,0
9542,0
6602,0
5782,0
5788,0
4561,1
1187,0
1191,0
8337,0
6350,0
3572,0
6976,0
1834,0
9303,0
7399,0
5726,0
2499,1
6035,0
4196,0
3827,0
878,0
1455,1
8583,0
5371,0
7955,0
8667,0
1694,0
9487,0
2092,1
6932,0
9329,0
5331,0
7788,0
832,1
7337,0
591,1
5716,0
5731,0
109,1
7498,0
1052,1
1311,0
668,0
8445,0
7456,0
5168,0
5588,0
843,1
4509,0
9076,0
4547,1
5354,0
4752,0
5677,0
5582,1
1485,0
5423,0
2737,0
2267,0
6165,0
2808,0
869,0
2468,1
7493,0
8642,0
5656,1
1979,0
696,1
1741,1
3718,0
9003,0
7796,0
2189,1
5006,0
5617,0
5145,0
8147,0
505,1
9872,0
3303,0
8597,0
7897,1
3640,1
6461,0
183,1
7264,0
3082,1
1876,1
5813,0
609,1
2033,0
3981,0
6629,0
6422,0
1968,1
6774,0
20,0
7183,0
8519,0
3270,1
2518,1
5984,0
7862,0
2178,1
4979,1
3410,0
9898,0
489,1
7740,0
8798,0
3212,1
152,0
889,1
6423,0
269,1
96,0
7676,0
6713,0
3885,1
9764,0
7710,0
1067,0
7500,0
5195,1
2760,1
6221,0
6407,0
715,0
4059,1
9958,0
4565,1
1798,0
461,0
5373,0
2944,1
9537,0
4791,0
5271,0
5848,0
5024,0
7470,0
1214,0
1372,0
243,1
4039,0
7961,0
7255,0
1679,0
7586,0
9504,0
648,0
4409,1
155,0
3428,1
9495,0
1150,0
3047,0
1046,0
9832,0
1306,0
7906,0
2244,0
15,1
2669,1
9552,0
1844,0
3098,1
1612,1
8689,1
7108,0
1337,1
1478,1
9287,0
542,1
4074,0
431,1
6771,0
8920,0
2561,1
9529,0
3606,0
2877,0
4415,0
1031,0
6121,0
6285,0
1110,0
1888,0
9719,0
753,0
3049,0
8151,0
562,1
6542,0
8093,0
4764,0
3562,0
8444,0
2516,1
2962,1
5374,0
5396,0
9394,0
3462,0
7751,0
4225,0
144,1
5056,0
2895,1
7813,0
905,1
5192,0
235,0
